2152390595,19/10/2019
2363222315,10/16/2019
8031777977,10/14/2019
3324245844,10/12/2019
4344459543,10/10/2019
5824167174,10/10/2019
9137031157,10/06/2019
6574560964,10/04/2019
8507144831,10/02/2019
1058852350,31/10/2019
5879009159,10/10/2019
7598506704,10/27/2019
8084937991,10/25/2019
2749173407,10/23/2019
2021807324,10/21/2019
8775599439,10/11/2019
4682544228,10/17/2019
7615701682,10/24/2019
6515664166,10/22/2019
2027766534,10/20/2019
9866590863,10/11/2019
9727152829,10/25/2019
3932646752,10/23/2019
2699592901,10/21/2019
4196949779,10/11/2019
7969044816,10/26/2019
7848228476,10/24/2019
3595480181,10/22/2019
3854509678,10/20/2019
7576518626,10/27/2019
9194468242,10/25/2019
5062718206,10/23/2019
9497883803,10/21/2019
3754689807,10/20/2019
3819802443,10/26/2019
1446730539,10/24/2019
3144967947,10/22/2019
8632541976,10/21/2019
4892011670,10/27/2019
4681738720,10/25/2019
6788186529,10/23/2019
5706085789,10/30/2019
6138634859,9/29/2019
4321819908,10/26/2019
5218485221,10/24/2019
8029855518,10/31/2019
9425409194,10/21/2019
7125213137,10/27/2019
9285714279,10/25/2019
7444122122,10/01/2019
3078473293,10/30/2019
7069570356,9/29/2019
7186626560,10/26/2019
6774425950,10/02/2019
8483040830,9/31/2019
7685734946,9/29/2019
8615221158,9/27/2019
7822494852,10/03/2019
1378147552,10/01/2019
2173622328,9/30/2019
1716595282,9/29/2019
2071887566,10/04/2019
7438259036,10/02/2019
7002374115,9/31/2019
6791200457,9/29/2019
9253308967,10/05/2019
9364188816,10/03/2019
9025695205,10/01/2019
7736804460,9/30/2019
1156500870,10/06/2019
7664570754,10/04/2019
8525805034,10/02/2019
1681438737,9/31/2019
5734278389,10/07/2019
5843788607,10/05/2019
3459231640,10/03/2019
5681497688,10/01/2019
9045364026,10/10/2019
1762362430,10/06/2019
7596664730,10/04/2019
1628575491,10/02/2019
8107160143,10/10/2019
2158656002,10/07/2019
4215863595,10/05/2019
3744207447,10/03/2019
5227746632,10/10/2019
9284374442,10/10/2019
5679471075,10/06/2019
6768908786,10/04/2019
4128074500,10/11/2019
2343036738,10/10/2019
3778885193,10/07/2019
8626246544,10/05/2019
3476120177,10/12/2019
2722569907,10/11/2019
1803505188,10/10/2019
6758538121,10/10/2019
2933796130,10/10/2019
1225292696,10/07/2019
7144320159,10/06/2019
2096627248,10/05/2019
9247745823,10/04/2019
7724373489,10/03/2019
5478498273,10/02/2019
1194173819,10/01/2019
8094399441,9/31/2019
7604773167,9/30/2019
2718940218,9/29/2019
8316239397,9/29/2019
5992394306,9/27/2019
1212756925,9/26/2019
4893847672,9/25/2019
2803269101,9/24/2019
6351921536,9/23/2019
3267009970,9/22/2019
6847541761,9/21/2019
5901445460,9/20/2019
5137162047,9/19/2019
8863450411,9/19/2019
2685892262,9/17/2019
7098691164,9/16/2019
2012209032,9/15/2019
6814987711,9/14/2019
7573494558,9/13/2019
9901219983,10/12/2019
8224203358,10/11/2019
3601947220,10/10/2019
9841422344,10/10/2019
1128050885,10/10/2019
5395446628,10/07/2019
5825328583,10/06/2019
2034962840,10/05/2019
3644230143,10/04/2019
4801357382,10/03/2019
5611334030,10/02/2019
9579094994,10/01/2019
1315416829,7/31/2019
7363117661,7/30/2019
2405618454,7/29/2019
2145157625,9/19/2019
6854050411,9/16/2019
6317881902,9/14/2019
6651906148,10/12/2019
2959157218,10/10/2019
8188114382,10/10/2019
9081936370,10/06/2019
1044946240,10/04/2019
6878617338,10/02/2019
2067464136,9/31/2019
2404718927,9/29/2019
7632184391,9/27/2019
7418051999,9/25/2019
8993240185,9/23/2019
8122533428,9/21/2019
8466432146,9/19/2019
6205919109,9/17/2019
3039075970,9/24/2019
5621538689,9/22/2019
9188444729,9/20/2019
1969257912,9/19/2019
9926613092,9/25/2019
2495470728,9/23/2019
5004679267,9/21/2019
6263159742,9/19/2019
7107769929,9/26/2019
2674456867,9/24/2019
4121356216,9/22/2019
1298634552,9/20/2019
1164361589,9/27/2019
6881006493,9/25/2019
4131561011,9/23/2019
2045458957,9/21/2019
1279956023,9/29/2019
8749717044,9/26/2019
2111376311,9/24/2019
9628113723,9/22/2019
3283090681,9/29/2019
5962292272,9/27/2019
4306713388,9/25/2019
8296472968,9/23/2019
2104385835,9/30/2019
3396476606,9/29/2019
5415554075,9/26/2019
7411605846,9/24/2019
2849885241,9/31/2019
7141924469,9/29/2019
5426493791,9/27/2019
6196705105,9/25/2019
6731414098,10/01/2019
3783119554,9/30/2019
1392586111,9/29/2019
5565759548,9/26/2019
9244884405,10/02/2019
8982823617,9/31/2019
9187618409,9/29/2019
7763069065,9/27/2019
8984183809,10/03/2019
8448820744,10/01/2019
7231645076,9/30/2019
3912929272,9/29/2019
9096580621,10/04/2019
1416406023,10/02/2019
6581283426,9/31/2019
4826415132,9/29/2019
6188898897,10/05/2019
9717478738,10/03/2019
5625187837,10/01/2019
5432743546,9/30/2019
6454455147,10/06/2019
1558205599,10/04/2019
8301077049,10/02/2019
1966892732,9/31/2019
3996448723,10/07/2019
2995186931,10/05/2019
8056001779,10/03/2019
3819572498,10/01/2019
5242707036,10/10/2019
5034508847,10/06/2019
4557788758,10/04/2019
1064647844,10/02/2019
8013507831,10/10/2019
7226428738,10/07/2019
1597163259,10/05/2019
4345609670,10/03/2019
6989783465,10/10/2019
3654410773,10/10/2019
7871279927,10/06/2019
8847580622,10/04/2019
1594446082,10/11/2019
5092419068,10/10/2019
7504048694,10/07/2019
8507773947,10/05/2019
4748393025,10/12/2019
2456066143,10/11/2019
9368736516,10/10/2019
9745491526,10/10/2019
3251512455,10/10/2019
3334278462,10/07/2019
3064227998,10/06/2019
3958130073,10/05/2019
8767131274,10/04/2019
9402216548,10/03/2019
2189432489,10/02/2019
9335999382,10/01/2019
3626464491,9/31/2019
7993099377,9/30/2019
4192113367,9/29/2019
3622431060,9/29/2019
7897179223,9/27/2019
1524393998,9/26/2019
4725573038,9/25/2019
5512414015,9/24/2019
5009441539,9/23/2019
3491279968,9/22/2019
2839670088,9/21/2019
7873394907,9/20/2019
5732715268,9/19/2019
6672758308,9/19/2019
6847542496,9/17/2019
2894593727,9/16/2019
7629604316,9/15/2019
6297212659,9/14/2019
1978083745,9/13/2019
5254884706,10/12/2019
7822325845,10/11/2019
9946764088,10/10/2019
3219093870,10/10/2019
5223018505,10/10/2019
2042112668,10/07/2019
4092921252,10/06/2019
4761720234,10/05/2019
6595243752,10/04/2019
3748770415,10/03/2019
2055845117,10/02/2019
1238903114,10/01/2019
4781124958,7/31/2019
7646518185,7/30/2019
3103329651,7/29/2019
3609298220,9/19/2019
4664861936,9/16/2019
9056785444,9/14/2019
8523333015,10/12/2019
6906575365,10/10/2019
8575501630,10/10/2019
9711510733,10/06/2019
5741563586,10/04/2019
3931471148,10/02/2019
6857849582,9/31/2019
5121765654,9/29/2019
5607296981,9/27/2019
7618598133,9/25/2019
7212084191,9/23/2019
5093615854,9/21/2019
3496329273,9/19/2019
8267988821,9/17/2019
5715734777,9/24/2019
6388721811,9/22/2019
5156125637,9/20/2019
5602888902,9/19/2019
2986283801,9/25/2019
2199140682,9/23/2019
4412896678,9/21/2019
3005571130,9/19/2019
7053507006,9/26/2019
1732454824,9/24/2019
6436072347,9/22/2019
3289803541,9/20/2019
4182984575,9/27/2019
9195835434,9/25/2019
7749233895,9/23/2019
6362734544,9/21/2019
8483947225,9/29/2019
2066877388,9/26/2019
4642383071,9/24/2019
2308739440,9/22/2019
2024579517,9/29/2019
8143187195,9/27/2019
2473292591,9/25/2019
1549361348,9/23/2019
2704853972,9/30/2019
5817725294,9/29/2019
1791213980,9/26/2019
3074800473,9/24/2019
1986498129,9/31/2019
2288523354,9/29/2019
2936982989,9/27/2019
2092672995,9/25/2019
5907472554,10/01/2019
9766178765,9/30/2019
5302194416,9/29/2019
9402733567,9/26/2019
6048098096,10/02/2019
1468225736,9/31/2019
9389635534,9/29/2019
6288976872,9/27/2019
6594009237,10/03/2019
8725928890,10/01/2019
6972967007,9/30/2019
9221966029,9/29/2019
3429382805,10/04/2019
3314479075,10/02/2019
7844155205,9/31/2019
6433129271,9/29/2019
6521574108,10/05/2019
8636522622,10/03/2019
2889695868,10/01/2019
7406914151,9/30/2019
7269657591,10/06/2019
1682303531,10/04/2019
1994698128,10/02/2019
5028321473,9/31/2019
2599732255,10/07/2019
1639292263,10/05/2019
9484370250,10/03/2019
2102854566,10/01/2019
9932724499,10/10/2019
8205704840,10/06/2019
3514087743,10/04/2019
6521326024,10/02/2019
5898989537,10/10/2019
3035430636,10/07/2019
5576916846,10/05/2019
6329379901,10/03/2019
1819463352,10/10/2019
4046579391,10/10/2019
7965424737,10/06/2019
5565430985,10/04/2019
1665654309,10/11/2019
5338294907,10/10/2019
2567576443,10/07/2019
1581733124,10/05/2019
6862230002,10/12/2019
2753977097,10/11/2019
9126293394,10/10/2019
8329006166,10/10/2019
5907212083,10/10/2019
8711639690,10/07/2019
6802297835,10/06/2019
4239556544,10/05/2019
8154539790,10/04/2019
5701351611,10/03/2019
7611414861,10/02/2019
5344419122,10/01/2019
1009249344,9/31/2019
2893042736,9/30/2019
2248067649,9/29/2019
9629831570,9/29/2019
5478546984,9/27/2019
5702188526,9/26/2019
8627597229,9/25/2019
4308461721,9/24/2019
4594833832,9/23/2019
5968183775,9/22/2019
8117764607,9/21/2019
5781909455,9/20/2019
8662181319,9/19/2019
1051125036,9/19/2019
6586636222,9/17/2019
4842015640,9/16/2019
8673799338,9/15/2019
3986240876,9/14/2019
8765519122,9/13/2019
5981410385,10/12/2019
5113948188,10/11/2019
2721821789,10/10/2019
7839973003,10/10/2019
4362587329,10/10/2019
5984913510,10/07/2019
6242176255,10/06/2019
8651922540,10/05/2019
8978162311,10/04/2019
8753027828,10/03/2019
2335692914,10/02/2019
7086461533,10/01/2019
1114398583,7/31/2019
7146727061,7/30/2019
6961085497,7/29/2019
4964553900,9/19/2019
6178193255,9/16/2019
1707475053,9/14/2019
3042970618,10/12/2019
7038303787,10/10/2019
2128152763,10/10/2019
4631826594,10/06/2019
1155918693,10/04/2019
5873743591,10/02/2019
2006396085,9/31/2019
1721465184,9/29/2019
3354621516,9/27/2019
5537093904,9/25/2019
6471139357,9/23/2019
7779802401,9/21/2019
5715932417,9/19/2019
5405096882,9/17/2019
6104370843,9/24/2019
5432301313,9/22/2019
2728621627,9/20/2019
2554109230,9/19/2019
5772499117,9/25/2019
7118755484,9/23/2019
3939575940,9/21/2019
6101500067,9/19/2019
3837582728,9/26/2019
6576632015,9/24/2019
9949688587,9/22/2019
1508989273,9/20/2019
1349541686,9/27/2019
2019579922,9/25/2019
8007860379,9/23/2019
4555986897,9/21/2019
3993692412,9/29/2019
1934020804,9/26/2019
8644107523,9/24/2019
5611436861,9/22/2019
4008618105,9/29/2019
3239123425,9/27/2019
5337577270,9/25/2019
8599476260,9/23/2019
6031586580,9/30/2019
4275598609,9/29/2019
7777646852,9/26/2019
6571148313,9/24/2019
5254083319,9/31/2019
4439943686,9/29/2019
7228168306,9/27/2019
7796799880,9/25/2019
5548901755,10/01/2019
8128124432,9/30/2019
7492255064,9/29/2019
5186251036,9/26/2019
2642946516,10/02/2019
2054104678,9/31/2019
8467961532,9/29/2019
8081203947,9/27/2019
4688697501,10/03/2019
3871570151,10/01/2019
7874437075,9/30/2019
3812005315,9/29/2019
7971209676,10/04/2019
9031149747,10/02/2019
1989862850,9/31/2019
1597339298,9/29/2019
2347798298,10/05/2019
8111565344,10/03/2019
5531456195,10/01/2019
3823237822,9/30/2019
5137587038,10/06/2019
6702190755,10/04/2019
9379416460,10/02/2019
2628828987,9/31/2019
2207887410,10/07/2019
8628830510,10/05/2019
8139327840,10/03/2019
6741748355,10/01/2019
5528229968,10/10/2019
5245748998,10/06/2019
9505125624,10/04/2019
7865544557,10/02/2019
3052338695,10/10/2019
8112755051,10/07/2019
1123297125,10/05/2019
2048353928,10/03/2019
1232963885,10/10/2019
8236765289,10/10/2019
2877695770,10/06/2019
8967575093,10/04/2019
9873276137,10/11/2019
4993738169,10/10/2019
2348154486,10/07/2019
3574701509,10/05/2019
4478376348,10/12/2019
2781206461,10/11/2019
9312848439,10/10/2019
7789338963,10/10/2019
5973124654,10/10/2019
5829283864,10/07/2019
4419928368,10/06/2019
2793232131,10/05/2019
5933017373,10/04/2019
7215239021,10/03/2019
3002297290,10/02/2019
8625737990,10/01/2019
2877103236,9/31/2019
4096383243,9/30/2019
1756955891,9/29/2019
5043194610,9/29/2019
3131897804,9/27/2019
7202414755,9/26/2019
7584233517,9/25/2019
3049691700,9/24/2019
5022381119,9/23/2019
1732845500,9/22/2019
8101183309,9/21/2019
9049966109,9/20/2019
9285421447,9/19/2019
9058159395,9/19/2019
6281940576,9/17/2019
5936246408,9/16/2019
3811216447,9/15/2019
8686917250,9/14/2019
4611041941,9/13/2019
5278880809,10/12/2019
9318343272,10/11/2019
8617702958,10/10/2019
1443490909,10/10/2019
4293735036,10/10/2019
7424027291,10/07/2019
9988569451,10/06/2019
8936112977,10/05/2019
1268201201,10/04/2019
7364369171,10/03/2019
1768566411,10/02/2019
6841797564,10/01/2019
4819983008,7/31/2019
1643848762,7/30/2019
4506435280,7/29/2019
1609928122,9/19/2019
6539917258,9/16/2019
3304104948,9/14/2019
5375549286,10/12/2019
2617601056,10/10/2019
1647962937,10/10/2019
4842002562,10/06/2019
5211560396,10/04/2019
1009684777,10/02/2019
6611295706,9/31/2019
8894008743,9/29/2019
8946939167,9/27/2019
5131439762,9/25/2019
6287897180,9/23/2019
7507766329,9/21/2019
9495402527,9/19/2019
3709211383,9/17/2019
3184828913,9/24/2019
4703687839,9/22/2019
1682740800,9/20/2019
4143933476,9/19/2019
2482009470,9/25/2019
1435586695,9/23/2019
5085504834,9/21/2019
8531781198,9/19/2019
5467751739,9/26/2019
5231859287,9/24/2019
8195094291,9/22/2019
2388270504,9/20/2019
5034361480,9/27/2019
1466154600,9/25/2019
2978742660,9/23/2019
6479472587,9/21/2019
